{
    "root_group": {
        "name": "",
        "path": "",
        "id": "d41d8cd98f00b204e9800998ecf8427e",
        "groups": {},
        "checks": {
                "estado 200": {
                    "path": "::estado 200",
                    "id": "188e815b6e6374ff2b2dfda559ffcad9",
                    "passes": 1200,
                    "fails": 0,
                    "name": "estado 200"
                },
                "respuesta menor a 800ms": {
                    "name": "respuesta menor a 800ms",
                    "path": "::respuesta menor a 800ms",
                    "id": "e30cb02d000e7aac652dc9cefcc06160",
                    "passes": 1200,
                    "fails": 0
                }
            }
    },
    "metrics": {
        "checks": {
            "passes": 2400,
            "fails": 0,
            "value": 1
        },
        "http_req_blocked": {
            "avg": 0.09499974999999998,
            "min": 0,
            "med": 0,
            "max": 5.6793,
            "p(90)": 0,
            "p(95)": 0
        },
        "vus": {
            "min": 20,
            "max": 20,
            "value": 20
        },
        "http_reqs": {
            "count": 1200,
            "rate": 19.97063175477599
        },
        "http_req_receiving": {
            "avg": 0.04756908333333334,
            "min": 0,
            "med": 0,
            "max": 1.0117,
            "p(90)": 0,
            "p(95)": 0.530315
        },
        "http_req_sending": {
            "p(95)": 0,
            "avg": 0.005439083333333333,
            "min": 0,
            "med": 0,
            "max": 0.6446,
            "p(90)": 0
        },
        "http_req_waiting": {
            "max": 7.7319,
            "p(90)": 1.7176200000000015,
            "p(95)": 2.2682599999999993,
            "avg": 0.8838583333333312,
            "min": 0,
            "med": 0.6273500000000001
        },
        "data_sent": {
            "count": 84000,
            "rate": 1397.9442228343194
        },
        "iterations": {
            "count": 1200,
            "rate": 19.97063175477599
        },
        "http_req_duration{expected_response:true}": {
            "avg": 0.9368664999999982,
            "min": 0,
            "med": 0.6423,
            "max": 7.7319,
            "p(90)": 1.7781100000000007,
            "p(95)": 2.2907299999999964
        },
        "http_req_duration": {
            "min": 0,
            "med": 0.6423,
            "max": 7.7319,
            "p(90)": 1.7781100000000007,
            "p(95)": 2.2907299999999964,
            "avg": 0.9368664999999982,
            "thresholds": {
                "p(95)<800": false
            }
        },
        "http_req_failed": {
            "passes": 0,
            "fails": 1200,
            "thresholds": {
                "rate<0.05": false
            },
            "value": 0
        },
        "iteration_duration": {
            "med": 1001.1085499999999,
            "max": 1014.9545,
            "p(90)": 1002.2738,
            "p(95)": 1002.914855,
            "avg": 1001.4363736666655,
            "min": 1000
        },
        "http_req_connecting": {
            "avg": 0,
            "min": 0,
            "med": 0,
            "max": 0,
            "p(90)": 0,
            "p(95)": 0
        },
        "data_received": {
            "count": 588000,
            "rate": 9785.609559840235
        },
        "http_req_tls_handshaking": {
            "max": 0,
            "p(90)": 0,
            "p(95)": 0,
            "avg": 0,
            "min": 0,
            "med": 0
        },
        "vus_max": {
            "value": 20,
            "min": 20,
            "max": 20
        }
    }
}